Name1,name2,Anniversary
Phyllis Liu,Carl Johnson,1977-12-22
Emily Castillo,Michael Contreras,2013-02-13
James Brown,Marcus Fuller,1991-10-19
Michelle White,Mr. Joshua Long,2004-02-21
Gabrielle Haley,Mr. Danny Navarro,2003-01-19
Angela Turner,Ernest Kelly,2023-08-15
Michael Wiley,James Montgomery,1994-03-06
Paul Diaz,Carlos Smith,2001-03-04
Paul Durham,Monica Jimenez,2006-03-14
Robert Barnes,Adam Stein,2008-09-15
Mrs. Kelly Casey,James Wallace,2006-10-16
Tracy Jones,Mary Adams,1989-08-26
Mrs. Kelly Casey,Amanda Sims,1979-08-31
Amanda Montgomery,Amanda Mitchell,1993-08-29
William Martinez,Kaitlyn Mckenzie,1977-11-19
Amy Cruz,John Lopez,1983-12-02
Melissa Ingram,Paul Diaz,2008-12-06
Ashley Small,Jay Kirk,1979-12-07
Michael Contreras,Tracy Jones,1984-01-14
John Lopez,Laura Hernandez,1991-05-12
Jacqueline Ellis,Amanda Sims,2000-05-28
Angel Acevedo,Joshua Bauer,1997-12-12
Paul Diaz,Brett Johnson,2009-11-11
Ashley Small,Dustin Hernandez,2018-11-25
Jeanette Smith,Mr. Danny Navarro,1975-08-05
Teresa Calderon,Linda Walker,1991-05-28
Laura Hernandez,Janice Schaefer,1983-05-01
Laura King,Carlos Jensen,2015-08-20
Alexandra Booth,Robert White,2023-04-11
Kelsey Freeman,Gregory Oconnell,2012-07-02
